"TruePositives","FalsePositives","TrueNegatives","FalseNegatives","Recall","Precision","Sensitivity","Specificity","F-measure","Accuracy","Cohen's kappa"
3255,1695,2871,1311,0.7128777923784494,0.6575757575757576,0.7128777923784494,0.628777923784494,0.6841109709962169,,
2871,1311,3255,1695,0.628777923784494,0.6865136298421808,0.628777923784494,0.7128777923784494,0.6563786008230452,,
,,,,,,,,,0.6708278580814717,0.34165571616294343
